[
  {
    "id": "ar1",
    "title": "[Review] B\u00e0i vi\u1ebft #1",
    "image": "https://picsum.photos/640/360?random=91",
    "excerpt": "B\u00ecnh lu\u1eadn phim & g\u00f3c \u0111i\u1ec7n \u1ea3nh (mock)."
  },
  {
    "id": "ar2",
    "title": "[Review] B\u00e0i vi\u1ebft #2",
    "image": "https://picsum.photos/640/360?random=92",
    "excerpt": "B\u00ecnh lu\u1eadn phim & g\u00f3c \u0111i\u1ec7n \u1ea3nh (mock)."
  },
  {
    "id": "ar3",
    "title": "[Review] B\u00e0i vi\u1ebft #3",
    "image": "https://picsum.photos/640/360?random=93",
    "excerpt": "B\u00ecnh lu\u1eadn phim & g\u00f3c \u0111i\u1ec7n \u1ea3nh (mock)."
  },
  {
    "id": "ar4",
    "title": "[Review] B\u00e0i vi\u1ebft #4",
    "image": "https://picsum.photos/640/360?random=94",
    "excerpt": "B\u00ecnh lu\u1eadn phim & g\u00f3c \u0111i\u1ec7n \u1ea3nh (mock)."
  },
  {
    "id": "ar5",
    "title": "[Review] B\u00e0i vi\u1ebft #5",
    "image": "https://picsum.photos/640/360?random=95",
    "excerpt": "B\u00ecnh lu\u1eadn phim & g\u00f3c \u0111i\u1ec7n \u1ea3nh (mock)."
  },
  {
    "id": "ar6",
    "title": "[Review] B\u00e0i vi\u1ebft #6",
    "image": "https://picsum.photos/640/360?random=96",
    "excerpt": "B\u00ecnh lu\u1eadn phim & g\u00f3c \u0111i\u1ec7n \u1ea3nh (mock)."
  }
]