[
  {
    "id": "b1",
    "title": "[Review] Tử Chiến Trên Không: Phim Việt Xuất Sắc Top Đầu 2025!",
    "image": "https://picsum.photos/640/360?random=201",
    "excerpt": "Bom tấn hành động không chiến máu lửa.",
    "likes": 2441,
    "views": 2441
  },
  {
    "id": "b2",
    "title": "[Review] The Conjuring Last Rites: Chương Cuối Trọn Vẹn Cảm Xúc",
    "image": "https://picsum.photos/640/360?random=202",
    "excerpt": "Kết thúc gói gọn vũ trụ kinh dị.",
    "likes": 566,
    "views": 566
  },
  {
    "id": "b3",
    "title": "[Preview] The Conjuring Last Rites: Chương Cuối Cùng Ám Ảnh Ra Sao?",
    "image": "https://picsum.photos/640/360?random=203",
    "excerpt": "Những giả thuyết trước giờ chiếu.",
    "likes": 1111,
    "views": 1111
  },
  {
    "id": "b4",
    "title": "[Review] Tron Ares: Mãn Nhãn Với Công Nghệ Vượt Thời Đại",
    "image": "https://picsum.photos/640/360?random=204",
    "excerpt": "Thế giới số trở lại ấn tượng.",
    "likes": 193,
    "views": 193
  },
  {
    "id": "b5",
    "title": "[Blog] Góc điện ảnh: Top 10 khung hình đẹp nhất năm",
    "image": "https://picsum.photos/640/360?random=205",
    "excerpt": "Sưu tầm khung hình khiến bạn say mê.",
    "likes": 321,
    "views": 987
  }
]