[
  {
    "id": "m1",
    "title": "The Quantum Heist",
    "genre": [
      "Action",
      "Sci-Fi"
    ],
    "rating": 13,
    "duration": 128,
    "poster": "https://picsum.photos/300/450?random=1",
    "trailer": "https://www.youtube.com/watch?v=dQw4w9WgXcQ",
    "cast": [
      "A. Star",
      "B. Nova"
    ],
    "director": "C. Lightyear",
    "synopsis": "A crew steals time itself to rewrite fate.",
    "status": "now"
  },
  {
    "id": "m2",
    "title": "Whispers in Saigon",
    "genre": [
      "Drama"
    ],
    "rating": 16,
    "duration": 104,
    "poster": "https://picsum.photos/300/450?random=2",
    "trailer": "https://www.youtube.com/watch?v=oHg5SJYRHA0",
    "cast": [
      "D. Nhan",
      "E. Linh"
    ],
    "director": "F. Minh",
    "synopsis": "A love letter to the city nights.",
    "status": "now"
  },
  {
    "id": "m3",
    "title": "Beyond the Lanterns",
    "genre": [
      "Fantasy"
    ],
    "rating": 7,
    "duration": 119,
    "poster": "https://picsum.photos/300/450?random=3",
    "trailer": "https://www.youtube.com/watch?v=dQw4w9WgXcQ",
    "cast": [
      "G. An",
      "H. Bao"
    ],
    "director": "I. Hoa",
    "synopsis": "A girl follows fireflies into another realm.",
    "status": "coming"
  }
]