[
  {
    "id": "pm1",
    "title": "\u01afu \u0111\u00e3i hot #1",
    "image": "https://picsum.photos/640/360?random=71",
    "desc": "\u01afu \u0111\u00e3i gi\u1ea3m gi\u00e1 v\u00e9/ combo."
  },
  {
    "id": "pm2",
    "title": "\u01afu \u0111\u00e3i hot #2",
    "image": "https://picsum.photos/640/360?random=72",
    "desc": "\u01afu \u0111\u00e3i gi\u1ea3m gi\u00e1 v\u00e9/ combo."
  },
  {
    "id": "pm3",
    "title": "\u01afu \u0111\u00e3i hot #3",
    "image": "https://picsum.photos/640/360?random=73",
    "desc": "\u01afu \u0111\u00e3i gi\u1ea3m gi\u00e1 v\u00e9/ combo."
  },
  {
    "id": "pm4",
    "title": "\u01afu \u0111\u00e3i hot #4",
    "image": "https://picsum.photos/640/360?random=74",
    "desc": "\u01afu \u0111\u00e3i gi\u1ea3m gi\u00e1 v\u00e9/ combo."
  },
  {
    "id": "pm5",
    "title": "\u01afu \u0111\u00e3i hot #5",
    "image": "https://picsum.photos/640/360?random=75",
    "desc": "\u01afu \u0111\u00e3i gi\u1ea3m gi\u00e1 v\u00e9/ combo."
  },
  {
    "id": "pm6",
    "title": "\u01afu \u0111\u00e3i hot #6",
    "image": "https://picsum.photos/640/360?random=76",
    "desc": "\u01afu \u0111\u00e3i gi\u1ea3m gi\u00e1 v\u00e9/ combo."
  }
]