[
  {
    "id": "t1",
    "movie": "Phim 1",
    "seat": "A1",
    "paid": true,
    "time": "2025-10-18 19:00"
  },
  {
    "id": "t2",
    "movie": "Phim 2",
    "seat": "A2",
    "paid": false,
    "time": "2025-10-18 19:00"
  },
  {
    "id": "t3",
    "movie": "Phim 3",
    "seat": "A3",
    "paid": true,
    "time": "2025-10-18 19:00"
  },
  {
    "id": "t4",
    "movie": "Phim 4",
    "seat": "A4",
    "paid": false,
    "time": "2025-10-18 19:00"
  },
  {
    "id": "t5",
    "movie": "Phim 5",
    "seat": "A5",
    "paid": true,
    "time": "2025-10-18 19:00"
  },
  {
    "id": "t6",
    "movie": "Phim 6",
    "seat": "A6",
    "paid": false,
    "time": "2025-10-18 19:00"
  },
  {
    "id": "t7",
    "movie": "Phim 7",
    "seat": "A7",
    "paid": true,
    "time": "2025-10-18 19:00"
  }
]